{ "timestamp":"2018-05-15T09:26:11Z", "event":"Status", "Flags":18939918, "Pips":[8,4,0], "FireGroup":0, "GuiFocus":0, "Latitude":-5.573533, "Longitude":57.527706, "Heading":153, "Altitude":-460 }
